id,filename,rating,tag_string,file_url
3324433,3324433.jpg,s,1girl absurdly_long_hair akairiot armpits arms_up blue_hair blue_sky blunt_bangs breasts commentary completely_nude english_commentary from_side kelda_(akairiot) leaf liquid_hair long_hair medium_breasts nature nude original outdoors outstretched_arms plant rock scenery sky solo tree very_long_hair walking water waterfall,https://cdn.donmai.us/original/bd/1c/bd1c8dc04fd956422cce8291f5b776a2.jpg
343479,343479.jpg,s,2girls animal_ears black_hair bridge cat_ears commentary_request guard_rail house multiple_girls multiple_tails nekomata original outdoors road road_sign sakenotorii scenery sign slice_of_life stream street tail town water waving,https://cdn.donmai.us/original/b5/98/b59857b8a02ec4dc4cfda330de81412d.jpg
1832197,1832197.jpg,s,2girls animal_ears artist_name autumn autumn_leaves black_hair black_wings breasts cloud commentary_request dated detached_sleeves feathers flying forest geta hat inubashiri_momiji leaf light_particles looking_at_viewer maple_leaf medium_breasts mosho mountain multiple_girls nature one_eye_closed open_mouth outdoors pantyhose photoshop_(medium) pom_pom_(clothes) red_eyes scenery shameimaru_aya short_hair sideboob signature skirt sky smile sun sunset tail tengu-geta tokin_hat touhou white_hair wings wolf_tail,https://cdn.donmai.us/original/a2/30/a23060aaef434f0e21ac9a717bfc11f9.jpg
6210241,6210241.jpg,s,1girl absurdres anti-materiel_rifle ass blue_sky bodysuit bolt_action braid building cape city cityscape commentary_request dark-skinned_female dark_skin feet_out_of_frame from_behind girls'_frontline girls'_frontline_2:_exilium gloves gun gun_sling hair_between_eyes highres lan_liyu_renzi lens_flare long_hair looking_at_viewer looking_back nemesis_(girls'_frontline_2) outdoors ponytail purple_cape purple_eyes rifle scenery scope sig_san_511 sky smile sniper_rifle solo stairs very_long_hair weapon white_hair,https://cdn.donmai.us/original/c2/ef/c2efe7b0fdb6db79bcdf8b1e5796662d.jpg
6399160,6399160.jpg,s,1girl barefoot black_hair blue_dress blue_eyes building city cloud cloudy_sky commentary dress dutch_angle english_commentary flood highres holding holding_umbrella looking_at_viewer mii_shintaro neck_ribbon original outdoors rain ribbon ripples ruins scenery see-through_silhouette short_hair short_sleeves sky skyscraper solo standing traffic_light umbrella wading water wide_shot,https://cdn.donmai.us/original/11/c2/11c206455628e33e27d8ff458fbdf686.jpg
5168743,5168743.jpg,s,1girl :3 :o >_< absurdres arm_at_side armpit_crease backlighting bare_arms bare_shoulders black_sailor_collar blonde_hair blue_sky blunt_bangs brown_eyes cloud cloudy_sky commentary_request cowboy_shot day dress eating field floating_hair flower flower_field food fruit futaba_anzu hand_up hat heart highres holding holding_food hot idolmaster idolmaster_cinderella_girls long_hair looking_at_viewer low_twintails mizu_asato nature neckerchief no_nose open_mouth outdoors pink_neckerchief popsicle round_teeth sailor_collar sailor_dress scenery see-through_silhouette shade sky sleeveless sleeveless_dress solo standing star_(symbol) straight-on strawberry summer sun_hat sunflower sunflower_field sunlight sweat tareme teeth twintails upper_teeth_only white_dress white_hat wind x3 yellow_flower,https://cdn.donmai.us/original/e8/91/e8912ea84a8d479ce1096dc5e6ef758a.jpg
2707349,2707349.jpg,s,1boy 1girl 2b_(nier:automata) 9s_(nier:automata) black_boots black_dress black_gloves black_hairband black_shorts blindfold blurry boots cloud cloudy_sky commentary covered_eyes crossed_arms day depth_of_field dress feather-trimmed_sleeves fishing fishing_rod floating fog from_side gloves guweiz hairband high_heel_boots high_heels holding indian_style juliet_sleeves leaning_on_object long_sleeves nier:automata nier_(series) ocean oil_rig outdoors pod_(nier:automata) profile puffy_sleeves robot rock scenery short_hair shorts sitting sky standing thigh_boots thighhighs water white_hair wide_shot,https://cdn.donmai.us/original/c4/c0/c4c0c35ba667b183f4a3ee023a756de6.jpg
2904132,2904132.jpg,s,backpack bad_id bad_pixiv_id bag boots branch bridge commentary_request crowd fantasy forest giant_tree hat nature original outdoors people photoshop_(medium) scenery tree urn witch witch_hat you_shimizu,https://cdn.donmai.us/original/6a/80/6a8068412ea3758f651d9947e78ac618.jpg
4315571,4315571.jpg,s,2girls bad_id bad_pixiv_id belt bench bird bird_on_hand black_shoes blonde_hair blouse blue_hat boots bow bowtie brown_belt brown_boots brown_hair bush buttons closed_eyes closed_mouth collared_shirt commentary conservatory day dome dress english_commentary feeding flower fountain foxglove full_body glass greenhouse handkerchief hanging_plant hat highres indoors long_dress long_sleeves mary_janes medium_hair multiple_girls necktie on_bench original park_bench pink_flower pink_hat plant potted_plant purple_bow rainycity red_dress scenery shirt shoes short_hair sitting sleeveless sleeveless_dress socks starling swept_bangs unworn_hat unworn_headwear water white_flower white_shirt white_socks,https://cdn.donmai.us/original/36/cc/36ccf47ddf8913231ce3171f1c8f41a3.jpg
423729,423729.jpg,s,1girl bad_id bad_pixiv_id brown_shoes building flying from_above green_eyes headphones house kneehighs letterboxed long_hair looking_at_viewer mountainous_horizon one_eye_closed original outdoors purple_hair ribbon road scenery school_uniform shoes socks solo steelwire sunset,https://cdn.donmai.us/original/a8/10/a810a251289e873a3e3ac077162abe73.jpg
5324324,5324324.png,s,1girl :d absurdres blush breasts brown_eyes brown_hair car cloud coffee_mug cup day denim denim_shorts drawstring feet_out_of_frame flask grass highres holding holding_cup hood hood_down hoodie incoming_drink large_breasts looking_at_viewer low_twintails lower_teeth_only motor_vehicle mountainous_horizon mug nature non-web_source open_mouth original outdoors outstretched_hand pantyhose pov red_hoodie samemanma scenery seiza short_twintails shorts sitting sky smile snack solo_focus steam steaming_cup teeth tent tent_interior thermos tree twintails,https://cdn.donmai.us/original/4c/b6/4cb6568b26005ea4a9e9f9924a66cdef.png
7434090,7434090.jpg,s,1girl black_dress boat bone brown_hair collarbone commentary dark-skinned_female dark_skin desert dress english_commentary half-closed_eyes io_(onisarashi) long_hair low_ponytail muted_color off-shoulder_dress off_shoulder original outdoors ponytail profile ruins rust scenery sitting sky solo spine watercraft,https://cdn.donmai.us/original/81/f6/81f637a76553b994cb3ccb796b354c79.jpg
2239537,2239537.jpg,s,artist_name bird cloud cloudy_sky commentary copyright_request english_commentary highres mountain outdoors photoshop_(medium) robe rock scenery ship shore sky staff watercraft zudarts_lee,https://cdn.donmai.us/original/d1/df/d1dfe23f46e63fe7d22b310a08b814c1.jpg
1804783,1804783.jpg,s,3boys black_hair commentary_request diamond_wa_kudakenai hat higashikata_josuke jojo_no_kimyou_na_bouken kishibe_rohan kujo_jotaro multiple_boys ni_no_se scenery,https://cdn.donmai.us/original/9c/f5/9cf5c9b1e3d866c044766f7b4ebc481f.jpg
412724,412724.jpg,s,1girl after_battle book broken christina_mackenzie commentary_request flower g_tong good_end gundam gundam_0080 mecha mobile_suit mourning overgrown photoshop_(medium) robot scenery severed_head solo wind wreckage zaku_ii zaku_ii_f/j zeon,https://cdn.donmai.us/original/6e/56/6e56b4fdd03fbc66f1f062d8716af3dc.jpg
710024,710024.jpg,s,4boys commentary_request gensou_suikoden gensou_suikoden_i landscape multiple_boys scenery tanuki_(ugendou) ted_(suikoden) tir_mcdohl village,https://cdn.donmai.us/original/d8/b2/d8b26b1fbffabfd138de08084bf00907.jpg
1955172,1955172.jpg,s,6+boys armor axe banner baraba_baba battle building chinese_commentary city commentary full_armor helmet knight medieval multiple_boys original photoshop_(medium) realistic scenery smoke sword war weapon,https://cdn.donmai.us/original/2f/2f/2f2fd22a30b93c3a1347a9e3d760a724.jpg
4627645,4627645.jpg,s,2girls absurdres black_hair chain-link_fence commentary_request fence floating_hair highres long_hair miura_hatsuse multiple_girls original outdoors railing scenery school_uniform short_hair stairs standing steel_beam sunset train_station,https://cdn.donmai.us/original/bb/27/bb27be65f23e0d1902bcd33e17aa7d24.jpg
774146,774146.jpg,s,3girls :d bag black_socks blue_socks brown_eyes brown_hair chanchan cloud coat commentary_request day drink dutch_angle flower headphones house jpeg_artifacts kneehighs long_hair looking_back multiple_girls open_mouth original outdoors pleated_skirt power_lines running scarf scenery school_bag school_uniform serafuku shade short_hair signature skirt sky smile socks striped_clothes striped_scarf sweater tree twintails,https://cdn.donmai.us/original/ed/b3/edb388e787e3141ffb9f0a42c2fb3e43.jpg
2099592,2099592.jpg,s,animal architecture back backpack bag bird blue_sky boots brown_hair building capelet carrying_over_shoulder castle climbing cloud commentary day fantasy forest gloves grass gun highres holding holding_behind_back holding_sword holding_sword_behind_back holding_weapon holding_weapon_behind_back hood kazemachi_(akainan) long_sleeves mountain nature original outdoors pants photoshop_(medium) pleated_skirt rifle river rock scenery shadow skirt sky spiked_hair standing sword tower tree water waterfall weapon weapon_on_back,https://cdn.donmai.us/original/9c/82/9c823876bf5ff57560acc85a6b59df48.jpg
1222538,1222538.jpg,s,1girl bare_shoulders birdcage book cage commentary_request electric_fan fish grass hat hat_ribbon long_hair md5_mismatch on_railroad_tracks original plant potted_plant railroad_tracks ribbon scenery sitting solo stained_glass straw_hat suitcase surreal white_hair yoshiku_(oden-usagi),https://cdn.donmai.us/original/eb/03/eb03874be04fc373af2f196c3f28897f.jpg
2025564,2025564.jpg,s,1girl adjusting_scarf badge brown_hair building button_badge cityscape clothes_grab cloud cloudy_sky coat commentary_request glasses green_eyes hair_ornament hairclip highres house long_sleeves looking_at_viewer matsumae_takumi neckwear_grab open_mouth original outdoors peace_symbol photoshop_(medium) railing ringed_eyes rooftop scarf scarf_grab scarf_pull scenery semi-rimless_eyewear short_hair sky solo sunlight sunset tower translation_request transmission_tower tree twitter_username under-rim_eyewear upper_body watermark web_address,https://cdn.donmai.us/original/3f/96/3f96100e0675a5e0ab3f335d92ce02c5.jpg
509561,509561.jpg,s,2boys 2girls bad_id bad_pixiv_id cloak cloud commentary_request dragon glasses hat long_hair multiple_boys multiple_girls partial_commentary pixiv_fantasia pixiv_fantasia_1 red_hair scenery sky sunrise surprised tsukuba_masahiro white_hair wince wizard,https://cdn.donmai.us/original/25/b6/25b61934c7b4e2260b3370d10b15b7bc.jpg
1071416,1071416.jpg,s,1girl barefoot beret bird black_thighhighs blush brown_hair bug commentary_request concertina glowing hat instrument leaf long_hair moth music nature original overgrown plant plant_roots playing_instrument pleated_skirt scenery school_uniform serafuku sitting skirt soaking_feet solo stairs statue thighhighs water yoshiku_(oden-usagi),https://cdn.donmai.us/original/35/30/35306edf1b92cc181ea9fe012ba6357f.jpg
10194542,10194542.jpg,s,1girl absurdres arknights artist_name astesia_(arknights) bare_shoulders blue_eyes blue_hair blue_sky breasts bright_pupils character_name character_signature cleavage cloud cloudy_sky collarbone dress field floating_hair hair_intakes highres immeasurable light_rays long_hair looking_at_viewer mountainous_horizon off-shoulder_dress off_shoulder scenery signature sky sleeveless sleeveless_dress solo white_dress white_pupils,https://cdn.donmai.us/original/a1/e7/a1e7ffe670e006848500a67ad2f71d76.jpg
421208,421208.jpg,s,3girls bad_id bad_pixiv_id chitose_rin dress ghost glowing leaf letterboxed multiple_girls original outdoors photoshop_(medium) ruins scenery tree,https://cdn.donmai.us/original/44/d3/44d370c7a12379a202f4ed030313019a.jpg
2787706,2787706.jpg,s,1girl barefoot black_hair black_skirt building commentary_request denki looking_at_viewer original outdoors railing scenery short_hair skirt solo,https://cdn.donmai.us/original/e2/1c/e21c606b56335b79da8f24665c0b44e1.jpg
2429124,2429124.jpg,s,1girl aqua_neckerchief arm_support bag black_bag black_hair blue_sailor_collar blue_skirt blush book closed_mouth commentary green_eyes hair_ornament hairclip holding holding_book neckerchief open_book original photoshop_(medium) railing ramii reading real_world_location sailor_collar scenery school_bag school_uniform serafuku shirt short_hair short_sleeves sign skirt slice_of_life smile solo stairs tactile_paving train_station translation_request walking white_shirt,https://cdn.donmai.us/original/8d/15/8d156d18d6bf2b2519b8c6e2dea94fda.jpg
957199,957199.png,s,1girl bamboo commentary_request faux_traditional_media kusanagi_koyori light night original scenery sky solo star_(sky) starry_sky tanabata tanzaku tree,https://cdn.donmai.us/original/66/98/6698f2815d0689ea53b3e72b43992cd2.png
6957456,6957456.jpg,s,1boy :d absurdres akm assault_rifle bandaged_wrist bandages blood blood_on_clothes blue_pants bone brown_hair brown_jacket brown_shorts building child commentary cporing different_reflection dilapidated dog doghouse dual_persona dutch_angle english_commentary explosive facing_away fetch from_below glint grenade grenade_pin grey_shoes grey_sky gun highres holding holding_bone horror_(theme) house jacket kalashnikov_rifle leaf male_focus open_mouth original outdoors overcast pants power_lines puddle rain reflection reflective_liquid ribs rifle ruins scenery severed_limb shirt shoes short_hair shorts sky smile throwing unused_tire utility_pole walking weapon weapon_on_back yellow_shirt zombie,https://cdn.donmai.us/original/d2/32/d232c02ba06b5f36f404d1573a3601d3.jpg
1079096,1079096.jpg,s,1girl architecture arm_up banner bare_shoulders bell black_thighhighs bob_cut brown_eyes brown_hair building city cleavage_cutout clothing_cutout cloud commentary_request detached_sleeves east_asian_architecture hand_on_own_head japanese_clothes lamp monono original patterned photoshop_(medium) ponytail road sash scenery short_hair signature skirt sky solo standing statue thighhighs,https://cdn.donmai.us/original/53/7e/537e4be372a077462ac8b1fb21cfb173.jpg
3243866,3243866.jpg,s,2girls ^_^ absurdres ahoge all_fours barefoot bili_girl_22 bili_girl_33 bilibili blue_bow blue_hair bow bug butterfly closed_eyes closed_mouth commentary_request crop_top egg hair_bow highres looking_away multiple_girls mushroom official_art one_side_up open_mouth photoshop_(medium) red_eyes scenery seiza short_hair short_sleeves sitting skirt smile tree white_skirt yeluno_meng,https://cdn.donmai.us/original/e6/26/e626f8004e7af28cfe4578705d18a9d5.jpg
2257670,2257670.jpg,s,animal_ears bad_id bad_pixiv_id bag bird blue_sky boots carrying_over_shoulder cat_ears cloud commentary_request day grass looking_at_viewer mountain mura_karuki nature original outdoors photoshop_(medium) scenery short_hair sky solo tree,https://cdn.donmai.us/original/81/16/81161a3964e1fed15744b37cd59b79dd.jpg
2426955,2426955.png,s,1girl absurdly_detailed_composition antlers aqua_eyes bandages bird black_hair book book_stack bookshelf braid breasts cabinet candle candlestand chair commentary dark-skinned_female dark_skin desk drawer dress fairy fantasy feathers from_above globe green_eyes grimoire hair_over_one_eye hand_on_own_chin highres holding holding_staff horns indoors jar lack large_breasts loaded_interior long_hair magic_research missing_headwear one_eye_covered open_book original owl paper quill reading scenery single_braid sitting skeleton skull smile smoke smoking smoking_pipe smoking_pipe_in_mouth solo staff sunlight table white_dress white_witch_(lack) window,https://cdn.donmai.us/original/00/45/0045836aee7f0ad1e7abd8cb92c00434.png
7891339,7891339.jpg,s,1girl absurdly_detailed_composition absurdres blue_dress can closed_mouth commentary_request dress feet frills full_body haishenmumu highres indoors legs loaded_interior long_hair long_sleeves looking_at_viewer machine monitor no_shoes original pantyhose red_eyes scenery sitting smile soles solo toes twintails white_dress white_hair white_pantyhose,https://cdn.donmai.us/original/5a/99/5a997e9fb7d65ddfdaab5d485915edbd.jpg
5169683,5169683.jpg,s,1girl bare_shoulders bird blue_sky blunt_bangs braid breasts cherry_blossoms chinese_commentary cleavage commentary cowboy_shot fingerless_gloves game_screenshot_background genshin_impact gloves hair_ornament highres in-universe_location japanese_clothes kimono large_breasts long_hair long_sleeves low-braided_long_hair low-tied_long_hair lumc purple_eyes raiden_shogun scenery screenshot_background shrine sky solo tree very_long_hair wide_sleeves,https://cdn.donmai.us/original/2a/8f/2a8fa1b606b4e3f23aae5654224d2cf9.jpg
2218875,2218875.jpg,s,3boys artstation_sample bad_artstation_id bad_id bad_source building bus car from_behind image_sample motor_vehicle multiple_boys new_york_city one_way_sign original outdoors photoshop_(medium) puz_lee road_sign ruins scenery sign times_square traffic_light,https://cdn.donmai.us/original/78/b2/78b257f25dab06a3d5057acf890fa276.jpg
10009695,10009695.jpg,s,1girl animal animal_ears animal_hands bathroom bathtub bird black_fur bottle clock commentary duck english_commentary feet frog gloves green_hair highres leaf lily_pad monster_girl original paw_gloves plant scenery sharp_toenails soles tail taressaa_(resapn) toenails water window,https://cdn.donmai.us/original/33/94/339433da085f817ff29e3bb89b8016d5.jpg
4911414,4911414.png,s,1boy blue_sky cloud commentary english_commentary lamppost male_focus original outdoors scenery sign sky snatti sunset tree urban utility_pole,https://cdn.donmai.us/original/61/7c/617caa67e1c09a7d4e807d9a30b64ba5.png
2362130,2362130.png,s,4girls animal_ears arm_up ass black_hair blue_sky blush bottle braid brown_eyes carrot_necklace cherry_blossoms cloud commentary_request cup day dress drunk floppy_ears forest hair_over_eyes heiya hime_cut houraisan_kaguya inaba_tewi japanese_clothes jewelry kimono long_hair long_sleeves looking_at_viewer mountain multiple_girls nature necklace nude outdoors petals pink_dress pink_skirt purple_hair rabbit_ears red_eyes reisen_udongein_inaba sake_bottle scenery seiza shirt single_braid sitting skirt sky smile solid_circle_eyes standing surprised touhou tree white_shirt wide_sleeves wind yagokoro_eirin,https://cdn.donmai.us/original/76/f5/76f5a9da9d2424c96dcfe7214ea73fae.png
4844529,4844529.jpg,s,2girls bad_id bad_twitter_id branch ciel_hoshikage commentary full_moon high_heels highres hololive hololive_english long_hair moon mori_calliope mori_calliope_(1st_costume) mountainous_horizon multiple_girls night outdoors reflection scenery shooting_star sky star_(sky) starry_sky takanashi_kiara untranslatable_commentary veil virtual_youtuber,https://cdn.donmai.us/original/28/dd/28dde5d48c448080557d6ada037d4cef.jpg
2772334,2772334.jpg,s,1girl absurdres apron bad_id bad_pixiv_id black_pantyhose bloody_marie_(skullgirls) commentary_request highres looking_at_viewer maid maid_apron maid_headdress pantyhose photoshop_(medium) red_eyes scenery shichigatsu skullgirls solo vacuum_cleaner white_hair,https://cdn.donmai.us/original/da/51/da514fce8c0728137aa1391f74b02b4c.jpg
191186,191186.jpg,s,1girl bare_legs blurry bokeh closed_mouth commentary_request depth_of_field dress fantasy flower forest grass green_eyes green_hair green_theme hair_flower hair_ornament hand_up light long_hair long_sleeves nature outdoors pixiv_fantasia pixiv_fantasia_1 puti_devil scenery sitting solo tree white_dress white_flower,https://cdn.donmai.us/original/6c/74/6c74cd5c508a3917eda390acdf968752.jpg
245270,245270.jpg,s,1girl artist_request brown_hair final_fantasy final_fantasy_vii long_hair scenery sitting solo tifa_lockhart very_long_hair,https://cdn.donmai.us/original/66/a2/66a22dae0b06d98bb0579f79b77bfff8.jpg
6191031,6191031.jpg,s,1girl absurdres belt belt_buckle black_bodysuit black_boots black_coat black_hair black_thighhighs bodysuit boots breasts buckle cleavage coat collar commentary_request fingerless_gloves flower full_body full_moon gloves goddess_of_victory:_nikke gun hair_flower hair_ornament highres holding holding_gun holding_weapon holster knee_boots knife_sheath large_breasts long_hair maiden_(nikke) mask moon mouth_mask night panties pantyshot parted_bangs red_eyes red_flower scenery sheath shotgun shoulder_spikes sitting snap-fit_buckle solo spikes thigh_holster thighhighs thighs tongue tongue_out trench_coat trigger_discipline underwear very_long_hair weapon yufou zoom_layer,https://cdn.donmai.us/original/00/17/00175a523bcc4a52a2711a8b8649d502.jpg
3989364,3989364.jpg,s,3girls absurdres animal_ears arknights black_shorts car chinese_commentary commentary_request crownslayer_(arknights) explosion fleeing highres jacket knife lappland_(arknights) long_hair motor_vehicle multiple_girls o_o outdoors photoshop_(medium) running scar scar_across_eye scar_on_face scenery shorts texas_(arknights) weapon white_jacket wolf_ears yurayura,https://cdn.donmai.us/original/ac/52/ac5277c0e1770675e22c83d7f3f8cf2d.jpg
650639,650639.jpg,s,1girl bad_id bad_pixiv_id bench braid brown_hair building cafe food hair_ribbon komiki2gou original outdoors parfait photoshop_(medium) ribbon scenery short_hair solo tablecloth teapot tray tree twin_braids waitress,https://cdn.donmai.us/original/19/48/1948dd6a854b5b9e483e0ac69a80a39a.jpg
910034,910034.jpg,s,1girl angel_wings animal bird blonde_hair bow_(music) bug butterfly commentary_request day deer flower instrument lemur long_hair meadow music original path photoshop_(medium) playing_instrument pointy_ears ponzu_(catponz) road sandals scenery solo squirrel sunlight tree violin wings wolf,https://cdn.donmai.us/original/2c/fa/2cfa15ca8fdcd43d399dab6f6ff0cf8f.jpg
2903327,2903327.jpg,s,3girls amano_satomi animal aquarium balcony blue_sky cherry_blossoms city commentary_request fish geisha japanese_clothes kimono koi multiple_girls night nihongami original outdoors oversized_animal photoshop_(medium) railing scenery shrine sitting sky torii,https://cdn.donmai.us/original/35/d7/35d7b511aa3f42f1cca49cc004157cd5.jpg
10317841,10317841.jpg,s,2girls absurdres barefoot beach blue_eyes blue_hair blue_sky bra breasts cleavage cloud cloudy_sky day dress flower hair_flower hair_ornament hat highres large_breasts long_hair multiple_girls ocean off-shoulder_dress off_shoulder original outdoors panties pekakiu scenery see-through_clothes see-through_dress sky straw_hat sun_hat underwear wading white_bra white_dress white_panties witch,https://cdn.donmai.us/original/03/ad/03adf92b2aec7f1ffe160142adcf2e75.jpg
