filename,character,action,location,mood
3324433.jpg,none,none,none,none
343479.jpg,none,none,none,none
1832197.jpg,none,none,none,none
6210241.jpg,none,none,none,none
6399160.jpg,none,none,none,none
5168743.jpg,none,none,none,none
2707349.jpg,none,none,none,none
2904132.jpg,none,none,none,none
4315571.jpg,none,none,none,none
423729.jpg,none,none,none,none
5324324.png,none,none,none,none
7434090.jpg,none,none,none,none
2239537.jpg,none,none,none,none
1804783.jpg,none,none,none,none
412724.jpg,none,none,none,none
710024.jpg,none,none,none,none
1955172.jpg,none,none,none,none
4627645.jpg,none,none,none,none
774146.jpg,none,none,none,none
2099592.jpg,none,none,none,none
1222538.jpg,none,none,none,none
2025564.jpg,none,none,none,none
509561.jpg,none,none,none,none
1071416.jpg,none,none,none,none
10194542.jpg,none,none,none,none
421208.jpg,none,none,none,none
2787706.jpg,none,none,none,none
2429124.jpg,none,none,none,none
957199.png,none,none,none,none
6957456.jpg,none,none,none,none
1079096.jpg,none,none,none,none
3243866.jpg,none,none,none,none
2257670.jpg,none,none,none,none
2426955.png,none,none,none,none
7891339.jpg,none,none,none,none
5169683.jpg,none,none,none,none
2218875.jpg,none,none,none,none
10009695.jpg,none,none,none,none
4911414.png,none,none,none,none
2362130.png,none,none,none,none
4844529.jpg,none,none,none,none
2772334.jpg,none,none,none,none
191186.jpg,none,none,none,none
245270.jpg,none,none,none,none
6191031.jpg,none,none,none,none
3989364.jpg,none,none,none,none
650639.jpg,none,none,none,none
910034.jpg,none,none,none,none
2903327.jpg,none,none,none,none
10317841.jpg,none,none,none,none
