timestamp,rating,prompt,story_title,story
2026-04-27T21:09:32,5,Tell me a story about kayaking,The Brown Kayak,"Once upon a time, in a big lake, there was a brown kayak that loved to roll and splash in the warm water. One sunny day, a little boy named Tim came to play, and they laughed as the kayak bobbed gently across the lake. When Tim went home, the brown kayak waited happily in the water, knowing they would play again soon."
2026-04-27T21:20:30,5,Tell me a story about kayaking,The Brown Kayak,"Once upon a time, in a big lake, there was a brown kayak that loved to roll and splash in the warm water. One sunny day, a little boy named Tim came to play, and they laughed as the kayak bobbed gently across the lake. When Tim went home, the brown kayak waited happily in the water, knowing they would play again soon."
2026-04-27T21:20:32,4,Tell me a story about kayaking,The Brown Kayak,"Once upon a time, in a big lake, there was a brown kayak that loved to roll and splash in the warm water. One sunny day, a little boy named Tim came to play, and they laughed as the kayak bobbed gently across the lake. When Tim went home, the brown kayak waited happily in the water, knowing they would play again soon."
2026-04-27T21:20:33,3,Tell me a story about kayaking,The Brown Kayak,"Once upon a time, in a big lake, there was a brown kayak that loved to roll and splash in the warm water. One sunny day, a little boy named Tim came to play, and they laughed as the kayak bobbed gently across the lake. When Tim went home, the brown kayak waited happily in the water, knowing they would play again soon."
2026-04-27T21:20:34,2,Tell me a story about kayaking,The Brown Kayak,"Once upon a time, in a big lake, there was a brown kayak that loved to roll and splash in the warm water. One sunny day, a little boy named Tim came to play, and they laughed as the kayak bobbed gently across the lake. When Tim went home, the brown kayak waited happily in the water, knowing they would play again soon."
2026-04-27T21:20:35,1,Tell me a story about kayaking,The Brown Kayak,"Once upon a time, in a big lake, there was a brown kayak that loved to roll and splash in the warm water. One sunny day, a little boy named Tim came to play, and they laughed as the kayak bobbed gently across the lake. When Tim went home, the brown kayak waited happily in the water, knowing they would play again soon."
2026-04-27T21:31:46,5,Tell me a story about kayaking,The Brown Kayak,"Once upon a time, in a big lake, there was a brown kayak that loved to roll and splash in the warm water. One sunny day, a little boy named Tim came to play, and they laughed as the kayak bobbed gently across the lake. When Tim went home, the brown kayak waited happily in the water, knowing they would play again soon."
2026-04-27T21:50:27,3,Tell me a story about kayaking,The Brown Kayak,"Once upon a time, in a big lake, there was a brown kayak that loved to roll and splash in the warm water. One sunny day, a little boy named Tim came to play, and they laughed as the kayak bobbed gently across the lake. When Tim went home, the brown kayak waited happily in the water, knowing they would play again soon."
2026-04-27T22:07:49,5,Tell me a story about kayaking,The Brown Kayak,"Once upon a time, in a big lake, there was a brown kayak that loved to roll and splash in the warm water. One sunny day, a little boy named Tim came to play, and they laughed as the kayak bobbed gently across the lake. When Tim went home, the brown kayak waited happily in the water, knowing they would play again soon."
2026-04-27T22:14:00,4,Tell me a story about kayaking,The Brown Kayak,"Once upon a time, in a big lake, there was a brown kayak that loved to roll and splash in the warm water. One sunny day, a little boy named Tim came to play, and they laughed as the kayak bobbed gently across the lake. When Tim went home, the brown kayak waited happily in the water, knowing they would play again soon."
2026-04-27T22:15:05,3,Tell me a story about kayaking,The Brown Kayak,"Once upon a time, in a big lake, there was a brown kayak that loved to roll and splash in the warm water. One sunny day, a little boy named Tim came to play, and they laughed as the kayak bobbed gently across the lake. When Tim went home, the brown kayak waited happily in the water, knowing they would play again soon."
2026-04-27T22:15:06,4,Tell me a story about kayaking,The Brown Kayak,"Once upon a time, in a big lake, there was a brown kayak that loved to roll and splash in the warm water. One sunny day, a little boy named Tim came to play, and they laughed as the kayak bobbed gently across the lake. When Tim went home, the brown kayak waited happily in the water, knowing they would play again soon."
2026-04-27T22:15:09,5,Tell me a story about kayaking,The Brown Kayak,"Once upon a time, in a big lake, there was a brown kayak that loved to roll and splash in the warm water. One sunny day, a little boy named Tim came to play, and they laughed as the kayak bobbed gently across the lake. When Tim went home, the brown kayak waited happily in the water, knowing they would play again soon."
2026-04-27T22:20:00,5,Tell me a story about kayaking,The Brown Kayak,"Once upon a time, in a big lake, there was a brown kayak that loved to roll and splash in the warm water. One sunny day, a little boy named Tim came to play, and they laughed as the kayak bobbed gently across the lake. When Tim went home, the brown kayak waited happily in the water, knowing they would play again soon."
2026-04-28T15:09:24,4,Tell me a story about kayaking,The Brown Kayak,"Once upon a time, in a big lake, there was a brown kayak that loved to roll and splash in the warm water. One sunny day, a little boy named Tim came to play, and they laughed as the kayak bobbed gently across the lake. When Tim went home, the brown kayak waited happily in the water, knowing they would play again soon."
2026-04-28T15:13:07,3,Tell me a story about kayaking,The Brown Kayak,"Once upon a time, in a big lake, there was a brown kayak that loved to roll and splash in the warm water. One sunny day, a little boy named Tim came to play, and they laughed as the kayak bobbed gently across the lake. When Tim went home, the brown kayak waited happily in the water, knowing they would play again soon."
2026-04-28T15:37:49,3,Tell me a story about kayaking,The Brown Kayak,"Once upon a time, in a big lake, there was a brown kayak that loved to roll and splash in the warm water. One sunny day, a little boy named Tim came to play, and they laughed as the kayak bobbed gently across the lake. When Tim went home, the brown kayak waited happily in the water, knowing they would play again soon."
2026-04-28T16:21:10,4,Tell me a story about kayaking,The Brown Kayak,"Once upon a time, in a big lake, there was a brown kayak that loved to roll and splash in the warm water. One sunny day, a little boy named Tim came to play, and they laughed as the kayak bobbed gently across the lake. When Tim went home, the brown kayak waited happily in the water, knowing they would play again soon."
2026-04-28T17:50:32,4,Tell me a story about a forest,The Curious Forest Fox,"Once upon a time, there was a tall fox who lived in the forest. She was very curious, and every day she liked to study the forest animals. One day, she asked a rabbit who was hopping by, ""Do you know what I study every day?"" The rabbit looked up and said, ""No, I don't know, what do you study?"" The fox replied, ""I like to study the animals that live in the forest. I like to find out how they live and what they do."" The rabbit said, ""That sounds very interesting! I wish I could study too."" The fox smiled and said, ""You can. Just come with me tomorrow, and I will show you how to study the animals in the forest."" The rabbit was very happy and the next day they both went off together to study the animals in the forest. They had lots of fun, and they both learnt a lot."
2026-04-28T18:13:44,4,Tell me a story about kayaking,The Brown Kayak,"Once upon a time, in a big lake, there was a brown kayak that loved to roll and splash in the warm water. One sunny day, a little boy named Tim came to play, and they laughed as the kayak bobbed gently across the lake. When Tim went home, the brown kayak waited happily in the water, knowing they would play again soon."
